{"N2O":"Infinity","NOx":9.36005345274822,"NH3":"Infinity","VOC":1.804025212276562,"PM":10.35161199820803,"CH4":0.112207739999633,"CO":18.37852303786037,"FC":844.6926531104169}