{"N2O":"Infinity","NOx":34.87639813905352,"NH3":"Infinity","VOC":5.5136003950402666,"PM":17.002320906084293,"CH4":0.18503905845152924,"CO":5.219730979533377,"FC":2975.8505483425633}