{"N2O":"Infinity","NOx":9.950121511519853,"NH3":"Infinity","VOC":1.2874323761851103,"PM":9.98055995510553,"CH4":0.08383152880287423,"CO":23.015055718636443,"FC":477.85016237653974}