{"FC":0.037283988840956725,"PM":1.5584691025693817E-4,"N2O":4.524660760873028E-5,"CH4":1.801553702951689E-4,"VOC":4.4883135711013694E-4,"NOx":0.011168677269822888,"CO":0.014895379856847513,"NH3":1.0157401708082306E-5}